Mini USA Card Sized Sleeves,8801,9901,41,63,$2.00,https://sleevekings.com/products/sleeve-kings-mini-usa-card-sleeves-41x63mm-110-pack-60-microns-5,https://sleevekings.com/collections/premium-quality-card-sleeves-100-microns-55-per-pack/products/premium-mini-american-card-sleeves-41x63mm-55-pack-100-microns
Mini Chimera Card Sized Sleeves,8802,9901,43,65,$2.00,https://sleevekings.com/products/sleeve-kings-mini-chimera-card-sleeves-43x65mm-110-pack-60-microns-5,https://sleevekings.com/collections/premium-quality-card-sleeves-100-microns-55-per-pack/products/premium-mini-american-card-sleeves-41x63mm-55-pack-100-microns
Mini Euro (Like TTR-USA),8803,9902,45,68,$2.00,https://sleevekings.com/products/sleeve-kings-mini-euro-card-sleeves-45x68mm-110-pack-60-microns-5,https://sleevekings.com/collections/premium-quality-card-sleeves-100-microns-55-per-pack/products/premium-mini-european-card-sleeves-44x68mm-55-pack-100-microns-preorder
Sails of Glory,8804,,50,75,$2.50,https://sleevekings.com/products/sleeve-kings-sails-of-glory-card-sleeves-50x75mm-110-pack-60-microns-5,
Kingdom Death Monster,8805,,52,52,$2.50,https://sleevekings.com/collections/wholesale/products/sleeve-kings-mini-euro-card-sleeves-45x68mm-110-pack-60-microns-5,
Yucatan Narrow Card Sleeves,8806,,54,80,$2.50,https://sleevekings.com/collections/wholesale/products/sleeve-kings-yucatan-card-sleeves-54x80mm-110-pack-60-microns-5,
Std USA (Like Bang! Munchkin),8807,9903,56,87,$2.50,https://sleevekings.com/collections/wholesale/products/sleeve-kings-standard-usa-card-sleeves-56x87mm-110-pack-60-microns-5,https://sleevekings.com/collections/premium-quality-card-sleeves-100-microns-55-per-pack/products/premium-standard-american-card-sleeves-57x89mm-55-pack-100-microns-preorder
Chimera (Like most FFG Games),8808,9903,57.5,89,$2.50,https://sleevekings.com/collections/wholesale/products/sleeve-kings-standard-usa-chimera-card-sleeves-57-5x89mm-110-pack-60-microns-4,https://sleevekings.com/collections/premium-quality-card-sleeves-100-microns-55-per-pack/products/premium-standard-american-card-sleeves-57x89mm-55-pack-100-microns-preorder
Euro Size (Like Dominion),8809,9904,59,92,$2.50,https://sleevekings.com/collections/wholesale/products/sleeve-kings-euro-card-sleeves-59x92mm-110-pack-60-microns-6,https://sleevekings.com/collections/premium-quality-card-sleeves-100-microns-55-per-pack/products/premium-standard-european-card-sleeves-59x92mm-55-pack-100-microns-preorder
Std Card Size (Like MTG),8810,9905,63.5,88,$2.50,https://sleevekings.com/collections/wholesale/products/sleeve-kings-card-game-card-sleeves-63-5x88mm-110-pack-60-microns-5,https://sleevekings.com/collections/premium-quality-card-sleeves-100-microns-55-per-pack/products/standard-card-game-sleeves-63-5x88mm-55-pack-100-microns-preorder
Magnum Copper (Like 7 Wonders),8811,9967,65,100,$3.00,https://sleevekings.com/collections/wholesale/products/sleeve-kings-magnum-7-wonders-card-sleeves-65x100mm-110-pack-60-microns-5,https://sleevekings.com/collections/premium-quality-card-sleeves-100-microns-55-per-pack/products/magnum-7-wonders-card-sleeves-65x100mm-55-pack-100-microns-sks-9967
Small Square (Like Powergrid),8812,9965,70,70,$2.50,https://sleevekings.com/collections/wholesale/products/sleeve-kings-small-square-card-sleeves-70x70mm-110-pack-60-microns-5,https://sleevekings.com/collections/premium-quality-card-sleeves-100-microns-55-per-pack/products/square-card-sleeves-70x70mm-55-pack-100-microns-preorder
Magnum Silver (Like Lost Cities),8813,,70,110,$3.00,https://sleevekings.com/collections/wholesale/products/sleeve-kings-magnum-lost-cities-card-sleeves-70x110mm-110-pack-60-microns-5,
Large Sleeves,8814,9966,70,120,$3.00,https://sleevekings.com/collections/wholesale/products/sleeve-kings-wotr-card-sleeves-70x120mm-110-pack-60-microns-3,https://sleevekings.com/collections/premium-quality-card-sleeves-100-microns-55-per-pack/products/tarot-card-sleeves-70x120mm-55-pack-100-microns-preorder
Medium Square Sleeves,8815,,80,80,$3.00,https://sleevekings.com/collections/wholesale/products/sleeve-kings-medium-square-card-sleeves-80x80mm-110-pack-60-microns-5,
Magnum (Like Dixit),8816,,80,120,$3.00,https://sleevekings.com/collections/wholesale/products/sleeve-kings-magnum-dixit-card-sleeves-80x120mm-110-pack-60-microns-3,
Space Base Compatible,8817,,40,89,$2.00,https://sleevekings.com/collections/wholesale/products/sleeve-kings-space-base-compatible-sleeves-40x89mm-110-pack-60-microns-5,
Tiny Epic Compatible,8818,,88,125,$3.00,https://sleevekings.com/collections/wholesale/products/sleeve-kings-tiny-epic-compatible-sleeves-88x125mm-110-pack-60-microns-5,
Blood Bowl Compatible,8819,,78,113,$3.00,https://sleevekings.com/collections/wholesale/products/sleeve-kings-blood-bowl-compatible-sleeves-78x113mm-110-pack-60-microns-5,
"Super Large" Sleeves,8820,,102,127,$3.50,https://sleevekings.com/collections/wholesale/products/sleeve-kings-super-large-sleeves-102x127mm-110-pack-60-microns-2,
"North Sea Compatible",8821,,54,86,$2.50,https://sleevekings.com/collections/sleeves-by-skus/products/north-sea-compatible-sleeves-54x86mm-110-pack-sks-8821,
"Betrayal At House Compatible",8822,,58,108,$3.00,https://sleevekings.com/collections/sleeves-by-skus/products/betrayal-at-house-compatible-sleeves-58x108mm-110-pack-sks-8822,
"Space Alert Compatible",8823,,60,102,$3.00,https://sleevekings.com/products/space-alert-compatible-sleeves-60x102mm-110-pack-sks-8823?_pos=1&_sid=ab47acc90&_ss=r,
"French Tarot",8824,,61,112,$3.00,https://sleevekings.com/products/french-tarot-card-sleeves-61x112mm-110-pack-sks-8824?_pos=1&_sid=7d501474d&_ss=r,
"War Hammer Quest Compatible"",8825,,75,110,$3.00,https://sleevekings.com/products/war-hammer-quest-compatible-sleeves-75x110mm-110-pack-sks-8825?_pos=1&_sid=86e30e663&_ss=r,
"Hogwarts Battle Square Compatible"",8826,,76,76,$2.50,https://sleevekings.com/collections/sleeves-by-skus/products/hogwarts-battle-square-compatible-sleeves-76x76mm-110-pack-sks-8826,
"Zombicide Compatible" Sleeves (76x88mm) 8827",8827,,76,88,$3.00,https://sleevekings.com/collections/sleeves-by-skus/products/zombicide-compatible-sleeves-76x88mm-110-pack-sks-8827,
"Hogwarts Battle Large" Sleeves (76x102mm)",8828,,76,102,$3.00,https://sleevekings.com/collections/sleeves-by-skus/products/hogwarts-battle-large-sleeves-76x102mm-110-pack-sks-8828,
"Space Alert Large Compatible" -",8829,,67,103,$3.00,https://sleevekings.com/collections/sleeves-by-skus/products/space-alert-large-compatible-sleeves-67x103mm-110-pack-sks-8829,
"WOTR Perfect Compatible"",8830,,68,120,$3.00,https://sleevekings.com/collections/sleeves-by-skus/products/wotr-perfect-compatible-sleeves-68x120mm-110-pack-sks-8830,
"Super Large" Sleeves (89x146mm)",8831,,89,146,$3.50,https://sleevekings.com/collections/sleeves-by-skus/products/super-large-sleeves-89x146mm-110-pack-sks-8831,
"XXL Super Large" Sleeves (101.5x153mm)",8832,,101.5,153,$3.50,https://sleevekings.com/collections/sleeves-by-skus/products/xxl-super-large-sleeves-101-5x153mm-110-pack-sks-8832,
"XXXL Super Large" Sleeves (101.5x203mm)",8833,,101.5,203,$3.50,https://sleevekings.com/collections/sleeves-by-skus/products/xxxl-super-large-sleeves-101-5x203mm-110-pack-sks-8833,
"4XL" Sleeves (103 x 128)",8834,,103,128,$3.50,https://sleevekings.com/collections/sleeves-by-skus/products/sleeve-kings-4xl-sleeves-103-x-128-110-pack-sks-8834,
"5XL" (120 x 210)",8835,,120,210,$4.00,https://sleevekings.com/collections/sleeves-by-skus/products/sleeve-kings-5xl-120-x-210-110-pack-sks-8835,
"Middara Compatible 6XL" Card Sleeves (127 x 153)",8836,,127,153,$4.00,https://sleevekings.com/collections/sleeves-by-skus/products/sleeve-kings-middara-compatible-6xl-card-sleeves-127-x-153-110-pack-sks-8836,
"7XL" Sleeves (130 x 195)",8837,,130,195,$4.00,https://sleevekings.com/collections/sleeves-by-skus/products/sleeve-kings-7xl-sleeves-130-x-195-110-pack-sks-8837,
"Etherfields Compatible" Sleeves (100 X 100 MM)",8838,,100,100,$3.50,https://sleevekings.com/collections/sleeves-by-skus/products/etherfields-compatible-sleeves-100-x-100-mm-110-pack-sks-8838,
"8XL" Sleeves (90 X 140 MM),8839,,90,140,$4.00,https://sleevekings.com/collections/sleeves-by-skus/products/8xl-sleeves-90-x-140-mm-castle-von-loghan-phantom-treasures-of-drakon-110-pack-sks-8839,
Everdell Mini -8840 or 9902,8840,,44,63,$2.00,https://sleevekings.com/products/everdell-all-in-compatible-sleeve-bundle-8840-x-2-8810-x-4-110-pack-sks-8840,
Medium Square Sleeves (65 X 65 MM) -8841,8841,,65,65,$2.50,SKS-8841 Link,
Kpop Collector Size (70 X 100 MM) -8842,8842,,70,110,$4.00,SKS-8842 Link,
"Unsettled Compatible" Sleeves (110 X 110 MM)",8843,,110,110,$4.00,SKS-8843 Link,
"Terraforming Mars: Dice Game" (55 x 77mm)",8844,,55,77,$2.50,https://sleevekings.com/collections/sleeves-by-skus/products/terraforming-mars-dice-game-compatible-sleeves-55-x-77mm-110-pack-60-microns,
Mega Civilization Compatible Sleeves 110 pack 60 Microns (available Q2 2023),8845,,,,$4.00,SKS-8845 Link,
9XL Sleeves (60 X 130 MM) 110 Pack  60 Microns (available Q3 2023),8846,,60,130,$3.50,SKS-8846 Link,